Rk,Player,Age,Team,Pos,GP,GS,W,L,T/O,GA,Shots,SV,SV%,GAA,SO,MIN,QS,QS%,RBS,GA%-,GSAA,GAA/A,GPS,G,A,PTS,PIM,Awards,-9999
1,Cam Talbot,29,EDM,G,73,73,42,22,8,171,2117,1946,.919,2.39,7,4294:00,43,.589,10,93,12.2,2.75,14.0,0,0,0,4,ASnhl-3Hart-17Vezina-4,talboca01
2,Frederik Andersen,27,TOR,G,66,66,33,16,14,169,2052,1883,.918,2.67,4,3799:20,38,.576,11,95,8.6,3.10,13.1,0,1,1,16,,anderfr01
3,Devan Dubnyk,30,MIN,G,65,63,40,19,5,141,1842,1701,.923,2.25,5,3758:00,39,.619,7,88,18.4,2.60,13.1,0,0,0,10,ASGASnhl-4Hart-15Vezina-5,dubnyde01
4,Martin Jones,27,SJS,G,65,65,35,23,6,152,1725,1573,.912,2.40,2,3800:21,39,.600,8,102,-2.7,2.76,9.9,0,0,0,0,ASGVezina-6,jonesma02
5,Tuukka Rask,29,BOS,G,65,64,37,20,5,137,1610,1473,.915,2.23,8,3679:30,31,.484,14,98,2.3,2.58,9.8,0,2,2,0,ASGASnhl-7,rasktu01
6,Sergei Bobrovsky,28,CBJ,G,63,63,41,17,5,127,1854,1727,.931,2.06,7,3707:04,41,.651,5,79,33.4,2.36,14.9,0,0,0,8,ASGASnhl-1Byng-60Hart-3Vezina-1,bobrose01
7,Braden Holtby,27,WSH,G,63,63,42,13,6,127,1690,1563,.925,2.07,9,3680:10,39,.619,8,87,19.3,2.38,12.3,0,0,0,0,ASGASnhl-2Hart-10Jennings-1Vezina-2,holtbbr01
8,Carey Price,29,MTL,G,62,62,37,20,5,138,1794,1656,.923,2.23,3,3708:08,38,.613,8,89,17.3,2.57,12.6,0,1,1,4,ASGASnhl-5Vezina-3,priceca01
9,Jake Allen,26,STL,G,61,60,33,20,5,138,1620,1482,.915,2.42,4,3418:19,33,.550,11,98,2.2,2.79,9.8,0,1,1,4,,allenja01
10,Pekka Rinne,34,NSH,G,61,61,31,19,9,144,1757,1613,.918,2.42,3,3567:47,34,.557,7,95,8.1,2.79,11.3,0,0,0,4,,rinnepe01
11,Cam Ward,32,CAR,G,61,61,26,22,12,162,1711,1549,.905,2.69,2,3617:55,30,.492,9,109,-13.9,3.12,8.5,0,1,1,6,,wardca01
12,Cory Schneider,30,NJD,G,60,59,20,27,11,163,1781,1618,.908,2.82,2,3472:50,27,.458,7,106,-8.9,3.27,9.5,0,0,0,0,,schneco01
13,Peter Budaj,34,2TM,G,60,55,30,21,3,120,1414,1294,.915,2.18,7,3308:16,32,.582,7,98,2.4,2.50,8.6,0,1,1,0,,budajpe01
13,Peter Budaj,34,LAK,G,53,51,27,20,3,107,1286,1179,.917,2.12,7,3029:24,31,.608,7,96,4.3,2.44,8.1,0,1,1,0,,budajpe01
13,Peter Budaj,34,TBL,G,7,4,3,1,0,13,128,115,.898,2.80,0,278:52,1,.250,0,117,-1.9,3.23,0.5,0,0,0,0,,budajpe01
14,Robin Lehner,25,BUF,G,59,58,23,26,8,152,1910,1758,.920,2.68,2,3405:28,32,.552,6,92,13.3,3.10,12.9,0,1,1,6,,lehnero01
15,Kari Lehtonen,33,DAL,G,59,52,22,25,7,151,1546,1395,.902,2.85,3,3177:09,27,.519,12,113,-17.2,3.30,7.1,0,1,1,4,,lehtoka01
16,Steve Mason,28,PHI,G,58,54,26,21,8,143,1556,1413,.908,2.66,3,3224:37,26,.481,11,106,-8.3,3.07,8.2,0,1,1,0,,masonst01
17,Henrik Lundqvist,34,NYR,G,57,55,31,20,4,148,1650,1502,.910,2.74,2,3240:26,32,.582,8,104,-5.2,3.17,9.1,0,1,1,0,,lundqhe01
18,Connor Hellebuyck,23,WPG,G,56,53,26,19,4,146,1572,1426,.907,2.89,4,3033:31,25,.472,9,107,-10.0,3.34,8.1,0,0,0,0,,helleco01
19,Corey Crawford,32,CHI,G,55,55,32,18,4,138,1691,1553,.918,2.55,2,3246:52,29,.527,7,94,8.3,2.96,11.0,0,1,1,2,ASG,crawfco01
20,Mike Smith,34,ARI,G,55,55,19,26,9,156,1819,1663,.914,2.92,3,3202:08,27,.491,7,99,1.4,3.39,10.9,0,0,0,14,ASG,smithmi01
21,Ryan Miller,36,VAN,G,54,54,18,29,6,150,1737,1587,.914,2.80,3,3211:51,26,.481,7,100,0.3,3.25,10.3,0,1,1,22,,millery01
22,John Gibson,23,ANA,G,52,49,25,16,9,109,1437,1328,.924,2.22,6,2950:21,28,.571,7,88,15.4,2.56,10.3,0,1,1,4,ASnhl-6,gibsojo02
23,Thomas Greiss,31,NYI,G,51,49,26,18,5,126,1453,1327,.913,2.69,3,2813:17,30,.612,11,100,-0.3,3.11,8.6,0,1,1,0,,greisth01
24,Petr Mrázek,24,DET,G,50,44,18,21,9,145,1462,1317,.901,3.04,1,2857:31,19,.432,9,115,-18.5,3.53,6.5,0,0,0,2,,mrazepe01
25,Calvin Pickard,24,COL,G,50,48,15,31,2,140,1461,1321,.904,2.98,2,2820:16,21,.438,11,111,-13.6,3.45,7.1,0,2,2,2,,pickaca01
26,Andrei Vasilevskiy,22,TBL,G,50,47,23,17,7,123,1480,1357,.917,2.61,2,2831:16,25,.532,5,96,5.1,3.01,9.3,0,2,2,2,,vasilan02
27,Brian Elliott,31,CGY,G,49,45,26,18,3,121,1338,1217,.910,2.55,2,2844:25,26,.578,4,104,-5.2,2.95,7.3,0,0,0,4,,elliobr01
28,Matt Murray,22,PIT,G,49,47,32,10,4,111,1450,1339,.923,2.41,4,2765:48,26,.553,4,88,14.5,2.78,10.3,0,2,2,0,AR-1Calder-4,murrama02
29,James Reimer,28,FLA,G,43,39,18,16,5,98,1222,1124,.920,2.53,3,2324:35,19,.487,4,93,7.8,2.92,8.1,0,0,0,2,,reimeja01
30,Mike Condon,26,2TM,G,41,38,19,14,6,96,1122,1026,.914,2.48,5,2324:25,19,.500,7,99,1.1,2.87,6.8,0,0,0,4,,condomi01
30,Mike Condon,26,PIT,G,1,0,0,0,0,0,7,7,1.000,.00,0,20:00,0,,0,0,0.6,.00,0.1,0,0,0,0,,condomi01
30,Mike Condon,26,OTT,G,40,38,19,14,6,96,1115,1019,.914,2.50,5,2304:25,19,.500,7,99,0.5,2.89,6.7,0,0,0,4,,condomi01
31,Craig Anderson,35,OTT,G,40,40,25,11,4,92,1247,1155,.926,2.28,5,2421:14,25,.625,4,85,15.9,2.63,9.2,0,1,1,0,ASnhl-7,andercr01
32,Roberto Luongo,37,FLA,G,40,39,17,15,6,104,1217,1113,.915,2.68,1,2326:34,21,.538,1,99,1.3,3.09,7.4,0,1,1,4,,luongro01
33,Jonathan Bernier,28,ANA,G,39,33,21,7,4,83,982,899,.915,2.50,2,1993:11,19,.576,4,98,2.0,2.89,6.0,0,0,0,4,,bernijo01
34,Ben Bishop,30,2TM,G,39,37,18,15,5,94,1040,946,.910,2.54,1,2222:37,19,.514,6,104,-4.0,2.94,5.7,0,0,0,10,,bishobe01
34,Ben Bishop,30,TBL,G,32,31,16,12,3,77,870,793,.911,2.55,1,1812:36,16,.516,4,102,-1.7,2.95,4.9,0,0,0,8,,bishobe01
34,Ben Bishop,30,LAK,G,7,6,2,3,2,17,170,153,.900,2.49,0,410:01,3,.500,2,116,-2.3,2.93,0.7,0,0,0,2,,bishobe01
35,Marc-André Fleury,32,PIT,G,38,34,18,10,7,107,1181,1074,.909,3.02,1,2125:15,16,.471,5,105,-4.8,3.50,6.4,0,0,0,6,,fleurma01
36,Antti Niemi,33,DAL,G,37,30,12,12,4,95,880,785,.892,3.30,0,1728:30,14,.467,7,125,-18.8,3.82,3.0,0,0,0,0,,niemian02
37,Chad Johnson,30,CGY,G,36,36,18,15,1,87,969,882,.910,2.59,3,2013:12,18,.500,7,104,-3.1,3.01,5.4,0,0,0,0,,johnsch02
38,Scott Darling,28,CHI,G,32,27,18,5,5,67,877,810,.924,2.38,2,1688:35,17,.630,1,88,8.9,2.74,6.2,0,0,0,0,,darlisc01
39,Louis Domingue,24,ARI,G,31,26,11,15,1,82,888,806,.908,3.08,0,1598:41,12,.462,4,107,-5.2,3.57,4.6,0,0,0,0,,dominlo01
40,Carter Hutton,31,STL,G,30,21,13,8,2,58,663,605,.913,2.39,4,1459:03,11,.524,3,101,-0.6,2.76,3.8,0,1,1,4,,huttoca01
41,Antti Raanta,27,NYR,G,30,26,16,8,2,61,782,721,.922,2.26,4,1617:20,18,.692,1,90,6.7,2.60,5.4,0,1,1,0,,raantan01
42,Jaroslav Halák,31,NYI,G,28,26,12,9,5,75,885,810,.915,2.80,2,1605:29,14,.538,3,98,1.6,3.25,5.4,0,1,1,0,,halakja01
43,Michael Hutchinson,26,WPG,G,28,20,9,12,3,67,690,623,.903,2.92,1,1378:20,8,.400,1,112,-7.3,3.40,3.2,0,0,0,0,,hutchmi01
44,Michal Neuvirth,28,PHI,G,28,24,11,11,1,64,586,522,.891,2.82,0,1363:38,10,.417,4,126,-13.3,3.26,1.9,0,0,0,2,,neuvimi01
45,Jimmy Howard,32,DET,G,26,24,10,11,1,49,675,626,.927,2.10,1,1396:43,16,.667,4,84,9.4,2.45,5.1,0,0,0,2,,howarja02
46,Keith Kinkaid,27,NJD,G,26,23,8,13,3,65,778,713,.916,2.64,1,1476:05,12,.522,4,97,2.3,3.05,4.9,0,1,1,0,,kinkake01
47,Jacob Markström,27,VAN,G,26,23,10,11,3,62,692,630,.910,2.63,0,1416:58,12,.522,2,104,-2.1,3.05,3.8,0,0,0,2,,marksja02
48,Anders Nilsson,26,BUF,G,26,23,10,10,4,66,857,791,.923,2.67,1,1484:15,11,.478,2,89,8.2,3.07,6.0,0,0,0,0,,nilssan01
49,Philipp Grubauer,25,WSH,G,24,19,13,6,2,43,585,542,.926,2.04,3,1264:34,13,.684,1,85,7.6,2.37,4.4,0,0,0,0,,grubaph01
50,Semyon Varlamov,28,COL,G,24,23,6,17,0,76,745,669,.898,3.38,1,1347:47,11,.478,5,118,-11.5,3.92,3.1,0,1,1,0,,varlasi01
51,Juuse Saros,21,NSH,G,21,19,10,8,3,47,614,567,.923,2.35,1,1199:55,13,.684,1,88,6.1,2.70,4.4,0,1,1,0,,sarosju01
52,Curtis McElhinney,33,2TM,G,21,15,8,8,2,51,616,565,.917,2.70,1,1134:39,9,.600,0,96,2.3,3.12,3.9,0,0,0,0,,mcelhcu01
52,Curtis McElhinney,33,CBJ,G,7,5,2,1,2,15,198,183,.924,2.39,0,375:55,3,.600,0,88,2.1,2.71,1.4,0,0,0,0,,mcelhcu01
52,Curtis McElhinney,33,TOR,G,14,10,6,7,0,36,418,382,.914,2.85,1,758:44,6,.600,0,100,0.2,3.32,2.5,0,0,0,0,,mcelhcu01
53,Aaron Dell,27,SJS,G,20,17,11,6,1,37,533,496,.931,2.00,1,1110:33,12,.706,1,80,9.1,2.32,4.2,0,0,0,0,,dellaa01
54,Eddie Läck,29,CAR,G,20,18,8,7,3,48,492,444,.902,2.64,1,1089:51,9,.500,3,113,-5.4,3.08,2.3,0,0,0,0,,lacked01
55,Al Montoya,31,MTL,G,19,18,8,6,4,50,569,519,.912,2.67,2,1124:53,12,.667,2,102,-0.8,3.09,3.3,0,2,2,2,,montoal01
56,Darcy Kuemper,26,MIN,G,18,17,8,5,3,55,562,507,.902,3.13,0,1053:02,5,.294,3,113,-6.4,3.65,2.6,0,1,1,4,,kuempda01
57,Jonathan Quick,31,LAK,G,17,17,8,5,2,35,421,386,.917,2.26,2,930:57,11,.647,2,96,1.4,2.58,2.7,0,0,0,2,,quickjo01
58,Anton Khudobin,30,BOS,G,16,14,7,6,1,39,405,366,.904,2.64,0,884:47,5,.357,2,111,-4.0,3.05,1.9,0,1,1,2,,khudoan01
59,Jean-François Bérubé,25,NYI,G,14,7,3,2,2,30,271,241,.889,3.42,0,526:49,3,.429,2,128,-6.5,3.99,0.8,0,0,0,0,,berubje02
60,Jared Coreau,25,DET,G,14,14,5,4,3,41,362,321,.887,3.46,2,711:40,5,.357,6,131,-9.7,3.96,1.0,0,0,0,0,,coreaja01
61,Joonas Korpisalo,22,CBJ,G,14,13,7,5,1,38,401,363,.905,2.88,1,790:31,6,.462,2,110,-3.3,3.34,2.0,0,0,0,0,,korpijo01
62,Jeff Zatkoff,29,LAK,G,13,8,2,7,1,27,223,196,.879,2.94,0,550:24,2,.250,4,140,-7.7,3.38,0.4,0,0,0,0,,zatkoje01
63,Jeremy Smith,27,COL,G,10,8,1,6,1,32,286,254,.888,3.54,0,542:43,3,.375,3,129,-7.2,4.09,0.8,0,0,0,0,,smithje02
64,Laurent Brossoit,23,EDM,G,8,4,4,1,0,11,153,142,.928,1.99,0,332:27,2,.500,0,83,2.2,2.35,1.2,0,0,0,0,,brossla01
65,Zane McIntyre,24,BOS,G,8,3,0,4,1,22,155,133,.858,3.97,0,332:37,0,.000,1,164,-8.6,4.51,-0.1,0,0,0,0,,mcintza01
66,Ondřej Pavelec,29,WPG,G,8,8,4,4,0,26,233,207,.888,3.55,0,439:30,2,.250,2,129,-5.8,4.10,0.7,0,0,0,0,,pavelon01
67,Reto Berra,30,FLA,G,7,4,0,5,0,18,145,127,.876,3.45,0,313:07,0,.000,2,143,-5.5,4.02,0.2,0,0,0,0,,berrare01
68,Jonas Gustavsson,32,EDM,G,7,5,1,3,1,17,139,122,.878,3.10,0,328:58,2,.400,3,141,-5.0,3.65,0.2,0,0,0,0,,gustajo01
69,Anthony Stolarz,23,PHI,G,7,4,2,1,1,13,181,168,.928,2.07,1,376:05,2,.500,1,83,2.7,2.39,1.4,0,0,0,0,,stolaan01
70,Jhonas Enroth,28,TOR,G,6,4,0,3,1,18,141,123,.872,3.94,0,274:26,0,.000,0,148,-5.8,4.59,0.2,0,0,0,0,,enrotjh01
71,Andrew Hammond,28,OTT,G,6,4,0,2,0,14,86,72,.837,4.08,0,205:39,1,.250,3,188,-6.6,4.67,-0.3,0,0,0,0,,hammoan01
72,Richard Bachman,29,VAN,G,5,5,2,3,0,13,162,149,.920,2.64,0,295:11,2,.400,0,93,1.0,3.05,1.1,0,0,0,0,,bachmri01
73,Michael Leighton,35,CAR,G,4,3,2,2,0,12,92,80,.870,3.42,0,210:17,1,.333,1,151,-4.0,3.99,0.1,0,1,1,0,,leighmi01
74,Marek Mazanec,25,NSH,G,4,2,0,2,0,14,87,73,.839,4.73,0,177:35,0,.000,2,186,-6.5,5.41,-0.2,0,1,1,0,,mazanma01
75,Spencer Martin,21,COL,G,3,3,0,2,1,13,96,83,.865,4.35,0,179:26,0,.000,1,156,-4.7,5.02,0.0,0,0,0,0,,martisp01
76,Justin Peters,30,ARI,G,3,1,0,1,0,7,70,63,.900,3.16,0,132:55,0,.000,0,116,-0.9,3.61,0.3,0,0,0,0,,peterju01
77,Antoine Bibeau,22,TOR,G,2,2,1,1,0,4,55,51,.927,1.99,0,120:39,2,1.000,0,84,0.8,2.49,0.4,0,0,0,0,,bibeaan01
78,Magnus Hellberg,25,NYR,G,2,1,1,0,0,2,28,26,.929,1.53,0,78:31,1,1.000,0,83,0.4,1.53,0.2,0,0,0,0,,hellbma01
79,Charlie Lindgren,23,MTL,G,2,2,2,0,0,3,59,56,.949,1.48,0,121:42,2,1.000,0,59,2.1,1.48,0.6,0,0,0,0,,lindgch01
80,Alex Stalock,29,MIN,G,2,2,1,1,0,3,54,51,.944,1.51,0,118:55,2,1.000,0,64,1.7,1.51,0.5,0,0,0,0,,staloal01
81,Jorge Alves,38,CAR,G,1,0,0,0,0,0,0,0,,.00,0,0:08,0,,0,,0.0,.00,0.0,0,0,0,0,,alvesjo01
82,Jack Campbell,25,LAK,G,1,0,0,0,0,0,5,5,1.000,.00,0,20:00,0,,0,0,0.4,.00,0.1,0,0,0,0,,campbja01
83,Eric Comrie,21,WPG,G,1,1,1,0,0,4,39,35,.897,4.05,0,59:18,0,.000,0,119,-0.6,5.06,0.2,0,0,0,0,,comrier01
84,Pheonix Copley,25,STL,G,1,1,0,1,0,5,29,24,.828,5.09,0,58:56,0,.000,1,199,-2.5,6.11,-0.1,0,0,0,0,,copleph01
85,Chris Driedger,22,OTT,G,1,0,0,1,0,4,15,11,.733,6.00,0,40:00,0,,0,308,-2.7,7.50,-0.2,0,0,0,0,,driedch01
86,Anton Forsberg,24,CBJ,G,1,1,0,1,0,4,27,23,.852,4.10,0,58:35,0,.000,0,171,-1.7,5.12,0.0,0,0,0,0,,forsban01
87,Jon Gillies,23,CGY,G,1,1,1,0,0,1,28,27,.964,1.00,0,60:00,1,1.000,0,41,1.4,1.00,0.3,0,0,0,0,,gillijo01
88,Kristers Gudlevskis,24,TBL,G,1,0,0,0,0,0,3,3,1.000,.00,0,11:27,0,,0,0,0.3,.00,0.0,0,0,0,0,,gudlekr01
89,Tristan Jarry,21,PIT,G,1,1,0,1,0,3,25,22,.880,3.06,0,58:45,0,.000,0,139,-0.8,3.06,0.0,0,0,0,0,,jarrytr01
90,Marek Langhamer,22,ARI,G,1,0,0,0,0,1,8,7,.875,3.87,0,15:31,0,,0,144,-0.3,3.87,0.0,0,0,0,0,,langhma01
91,Alex Nedeljkovic,21,CAR,G,1,0,0,0,0,0,17,17,1.000,.00,0,29:57,0,,0,0,1.5,.00,0.3,0,0,0,2,,nedelal01
92,David Rittich,24,CGY,G,1,0,0,0,0,1,10,9,.900,3.00,0,20:00,0,,0,116,-0.1,3.00,0.0,0,0,0,0,,rittida01
93,Malcolm Subban,23,BOS,G,1,1,0,1,0,3,16,13,.813,5.88,0,30:36,0,.000,1,217,-1.6,5.88,-0.1,0,0,0,0,,subbama01
94,Dustin Tokarski,27,ANA,G,1,0,0,0,0,0,5,5,1.000,.00,0,9:47,0,,0,0,0.4,.00,0.1,0,0,0,0,,tokardu01
95,Linus Ullmark,23,BUF,G,1,1,0,1,0,3,36,33,.917,3.06,0,58:44,1,1.000,0,96,0.1,3.06,0.2,0,0,0,0,,ullmali01
,League Average,,,,,,,,,,,,.913,2.59,,,,.534,,,,3.00,,,,,,,-9999